"","Ratio NRAS/BRAF","Ratio NF1/NRAS","Ratio NF1/BRAF","Ratio W3/BRAF","Mutation rate","Division rate NRAS","Division rate BRAF","Division rate NF1","Division rate W3"
"All",1.27900075147203,1.66713811011662,1.30346921860514,0.45776175813643,0.355062724014378,3.15902534958325,2.4699167267474,4.11769230397509,1.13063342328646
"1-2 R",1.10090678810258,1.32579622749013,1.20427654894848,0.424134636575706,0.434540899622817,2.80686345536938,2.54959228674303,3.38023983540183,1.08137039795398
"0 R",1.4997492632221,2.04837485704698,1.36581154415519,0.528426000115369,0.302535625255846,3.50603735563817,2.33774901019501,4.78858629456993,1.23532735873101
"Male",1.27594915428565,1.68283877286164,1.31889171853701,0.370492635533545,0.374016005013021,3.09874907165691,2.42858350683399,4.08691448843253,0.899772304060223
"Female",1.28476319239465,1.53922672672692,1.19806259693507,0.574087532299224,0.320852674819593,3.25766669194031,2.53561645540949,3.90288861689488,1.45566579374334
