"","Ratio NRAS/BRAF","Ratio NF1/NRAS","Ratio NF1/BRAF","Ratio W3/BRAF","Mutation rate","Division rate NRAS","Division rate BRAF","Division rate NF1","Division rate W3"
"All",1.31313327954744,2.02336549603789,1.54086833953003,0.615281165765816,0.351463435551314,2.95669203209094,2.25163132954024,4.55587314198964,1.38538634931435
"1-2 R",1.26088828955797,1.66686597220197,1.32197751855268,0.855846221660341,0.433383324173534,2.77240540199664,2.19877163183787,3.66505761375356,1.88181039340239
"0 R",1.39898011764474,2.36921418569776,1.69352956186858,0.533186634703271,0.302147733804429,3.1628967097143,2.26085894275553,5.35645907903804,1.20545977122662
"Male",1.31336474273697,2.00016774193588,1.52293393971248,0.687544861383181,0.391500164947895,2.8478066503902,2.16832884097038,4.33702140161817,1.49082335239813
"Female",1.31814971526184,1.86172376366896,1.41237656247503,0.568510552905832,0.28881202697005,3.17377195385697,2.4077477065847,4.48256112226818,1.36882997992822
