"","Ratio NRAS/BRAF","Ratio NF1/NRAS","Ratio NF1/BRAF","Ratio W3/BRAF","Mutation rate","Division rate NRAS","Division rate BRAF","Division rate NF1","Division rate W3"
"All",5.76684316193027,6.26867143812442,1.08701958109542,2.03499580430054,-0.00360242787983489,-167.41560388866,-29.030719093221,-181.984039607887,-59.0773915505321
"1-2 R",-10.168690647078,-20.3575630760659,2.00198469818881,-25.3236940464463,0.0945260265941751,4.48192967926008,-0.440757796142414,8.97275463623697,11.1616155780964
"0 R",2.82173325447953,-9.71963528778893,-3.44456205148339,-0.817474932890305,-0.0359231326947852,-21.09678729358,-7.4765349488966,72.6691929196826,6.11187990560127
"Male",36.5518842489734,24.0760619180007,0.658681827563428,16.6612285210116,0.0761989930003657,13.8776586731462,0.379670130782272,9.14096157712939,6.32577081156581
"Female",-1.65989506614364,-45.8280680922265,27.6090151883498,0.0321677184709043,-0.11019489492318,1.8266224224004,-1.10044451583564,50.431246203433,-0.0353987893782516
