"","Ratio NRAS/BRAF","Ratio NF1/NRAS","Ratio NF1/BRAF","Ratio W3/BRAF","Mutation rate","Division rate NRAS","Division rate BRAF","Division rate NF1","Division rate W3"
"All",8.49277172977566,25.9312066912154,3.05332670137602,4.91485637695128,0.128183445180477,3.67538033401943,0.432765703702308,11.2221369115738,2.1269812785671
"1-2 R",6.81430336514142,26.5510055242439,3.8963638836606,18.4588941903564,0.241479057150771,1.96333850971436,0.28812020899419,7.64988126065105,5.31838045192712
"0 R",4.74632576877855,7.53362026371577,1.58725309444036,0.66512734034242,0.100558805338149,5.84534242736854,1.23155103803016,9.27803785590423,0.819138266420949
"Male",15.49034645127,29.6122486133699,1.91165825157785,17.4176137007803,0.230497570332072,3.64197370985685,0.235112476103351,6.96220909447743,4.0950982850021
"Female",0.0738279423288494,26.5381685888408,359.459680870323,-2.64529490053397,0.0306020366140357,0.116022739215365,1.57152882168337,41.7054968120557,-4.1571571780412
